{
  "energy": 3.8248492466708397,
  "fitness": -3.8248492466708397,
  "properties": {}
}