{
  "energy": 4.7001044215611305,
  "fitness": -4.7001044215611305,
  "properties": {}
}